Sl No,Name,Gender
1,Team Liam Donohue,M
2,Venture Partner,M
3,Larry Begley,F
4,Venture Partner Maria Cirino,M
5,Partner Liam Donohue,M
6,Partner Greg Dracon Partner Graham Blosophy,M
7,Partner Maria Cirino,M
8,Partner Greg Dracon Partner Graham,M
9,Paul Paget,F
10,Pwnie Express,M
11,Announces Appointment,M
12,Maria FN,M
13,Maria Cirino,M
14,Partner TEL,M
15,Liam FN,M
16,Liam Donohue,M
17,Larry FN,M
18,Venture Partner TEL,M
19,Venture Partner LinkedIn,M
20,Massachusetts CEO,M
21,Young Entrepreneur,M
22,Contact Live Feed News Careers Maria Cirino,M
23,Partner LinkedIn,M
24,Portfolio Meet,M
25,Graham Brooks,M
26,Current Portfolio,M
27,Mashery Tops,M
28,Andrew Warner,M
29,Avoid Dilution,M
30,Pwnie Express Appoints,M
31,Award Finalists,M
32,Zapposs CEO,M
33,Zappos CEO Tony Hsieh,M
34,Rushika Fernandopulle,F
35,Iora Health,F
36,Tufts Health,F
37,Jive Softwarerrently,F
38,Jive Software,M
39,Patrick Morley,F
40,Carbon Black,M
41,Ron Yekutiel,M
42,Kaltura Chairman,M
43,Chris Walters,M
44,Patrick Harshman,M
45,Bob Brennan,M
46,Veracode CEO,M
47,Matt Engel,M
48,Marcos Galperin,M
49,Onapsis Board,M
50,Yaron Baitch,M
51,Daniel De Steno,M
52,Paul Vigario,M
53,Stack Names Brian,M
54,Chema Alonso,M
55,Jonas Hellgren,M
56,Robert Faletra,F
57,Coolest Cloud Cog Vendors,M
58,Mariano Nunez,M
59,Brian M. Ahern,M
60,Threat Stack,M
61,David Nydam,M
62,Brad Gaynor,M
63,Kaigham J. Gabriel,M
64,Jisto CEO Mike Feinstein,M
65,Keith Cooper,M
66,Rich Kennelly,F
67,Tim Loucks,M
68,Tom Torre,F
69,Strategy Officer,M
70,Rebecca Palm,M
71,Ashley Reid,M
72,Nest Buy,M
73,Yann Lhomme,F
74,Video Marketing,M
75,Madelyn Herzfeld,M
76,Luke Bonney,F
77,United States.â€�,M
78,Niko Skievaski,M
79,John Marcus,M
80,Bedrock Data,F
81,Darren Trumeter,M
82,Ben Smith,M
83,Â Bedrock Data,F
84,Quant5 Jim,M
85,Adrian Mott,M
86,Seth Frader-Thompson,M
87,David Brewster,M
88,John J. Donahue,M
89,Axial Healthcare,M
90,Hemang Gadhia,F
91,Venture Capital,M
92,Millennial Media,F
93,Chris Brandenburg,M
94,Sid Ban,M
95,Sid Banerjee,F
96,Higher One,F
97,Sean Glass,M
98,Dan Phillips,M
99,Founder Joe Kinsella,F
100,Veteran John,M
101,Joins Memento,M
102,Robert Steinkrauss,M
103,Jason Hart,M
104,Phillip Dunkelberger,M
105,Bob Steinkrauss,M
106,Sabine KockskÃ¤mper,M
107,Bruce Weber,M
108,Robert Willms Joins Optat Optaros,M
109,Robert Willms Joins Optaros,M
110,John Polcari,F
111,Optaros Senior,M
112,Ben Weinberger,M
113,John Oâ€™Malley,F
114,Teresa DiMarco,M
115,Robert Willms,M
116,Tom Rogers,M
117,Matt Berry,M
118,Tom Grant,M
119,George Bennett,M
120,Health Dialog,M
121,Albert G. Mulley,F
